{"cameraMode":{"drawMode":0,"name":"Shaded","section":"Shading Mode"},"sceneLighting":false,"audioPlay":false,"sceneViewState":{"m_AlwaysRefresh":false,"showFog":true,"showSkybox":false,"showFlares":true,"showImageEffects":true,"showParticleSystems":true,"showVisualEffectGraphs":true,"m_FxEnabled":true},"in2DMode":false,"pivot":{"x":47.70000076293945,"y":0.6299999952316284,"z":58.850013732910159},"rotation":{"x":-0.19282975792884828,"y":-0.0626925602555275,"z":0.012198172509670258,"w":-0.9793606400489807},"size":0.8660253882408142,"orthographic":true}